count,mean_norm,max_norm_error,mean_x,mean_y,mean_z,second_moment_x,second_moment_y,second_moment_z
10000,1.0,4.440892098500626e-16,0.0034459416523315595,-0.004401315313040648,-0.00019993208649604472,0.33529561412243764,0.3353122444532301,0.3293921414243325
