r,area,field,potential,reconstructed_flux
1.0,12.566370614359172,0.07957747154594767,-0.07957747154594767,1.0
2.0,50.26548245743669,0.019894367886486918,-0.039788735772973836,1.0
3.0,113.09733552923255,0.008841941282883075,-0.026525823848649224,1.0
4.0,201.06192982974676,0.0049735919716217296,-0.019894367886486918,1.0
5.0,314.1592653589793,0.0031830988618379067,-0.015915494309189534,1.0
8.0,804.247719318987,0.0012433979929054324,-0.009947183943243459,1.0
13.0,2123.7166338267,0.0004708726126979152,-0.006121343965072897,1.0
