K,dimension,row_orthonormality_error,column_orthonormality_error,lz_mismatch_error
0,1,0.0,0.0,0.0
1,4,4.440892098500626e-16,4.440892098500626e-16,0.0
2,9,2.438768451829065e-16,2.220446049250313e-16,0.0
3,16,2.534052333294316e-16,2.7691247969809977e-16,0.0
4,25,3.109977469934648e-16,4.647551182309443e-16,0.0
5,36,6.176453206339769e-16,6.981226104992512e-16,0.0
