K,dimension,l2_intertwining_error,l2_source_symmetry_error
0,1,0.0,0.0
1,4,8.881784197001252e-16,0.0
2,9,1.7763568394002505e-15,0.0
3,16,3.552713678800501e-15,8.881784197001252e-16
4,25,4.440892098500626e-15,3.552713678800501e-15
5,36,1.797354623930603e-14,3.851076133307199e-15
