n,K,s2,s,degeneracy,energy_eV
1,0,2.0,1.4142135623730951,1,-13.605693122994
2,1,4.0,2.0,4,-3.4014232807485
3,2,6.0,2.449489742783178,9,-1.5117436803326667
4,3,8.0,2.8284271247461903,16,-0.850355820187125
5,4,10.0,3.1622776601683795,25,-0.54422772491976
6,5,12.0,3.4641016151377544,36,-0.3779359200831667
7,6,14.0,3.7416573867739413,49,-0.2776672065917143
8,7,16.0,4.0,64,-0.21258895504678124
