K,target_x,eigenvalue_0,expectation_x,error,variance_x
0,1.0,5.180950292889689,0.9981245687200625,-0.0018754312799375006,0.003883227229485642
1,2.0,7.280423304093607,1.9986857476499087,-0.001314252350091305,0.005545237274546366
2,3.0,8.867456426281874,2.998934624339412,-0.0010653756605880638,0.006836889661377299
3,4.0,10.188378188470843,3.999083483428199,-0.0009165165718010293,0.007935406851588667
4,5.0,11.3384415611556,4.999185479618029,-0.0008145203819713842,0.008909213358606394
5,6.0,12.366492151799177,5.999261098737389,-0.0007389012626113356,0.009793331398469718
